Month,Customer,Period,Product,Location,Sales Rep,Supplier,Warehouse Locations,Actual,C.Sales,Inventory Stock,L.Sales,M.Sales,Number of Records,Received Inventory,Rep.Sales,Target
March,Mobil,Q1,Afinitor Tab,Port Harcourt,A. Chukwu,Astra Zeneca,Amuwo,9.6,2,1200,1.89,4.224,1,5000,4.62,30
March,Mobil,Q1,Brinerdine SCT,Port Harcourt,A. Chukwu,Astra Zeneca,Amuwo,9.6,0,480,1.89,4.224,1,2000,4.62,27
March,Mobil,Q1,Coartem Tab,Port Harcourt,A. Chukwu,Astra Zeneca,Amuwo,17.6,3,1320,3.51,7.744,1,6000,8.58,18
March,Mobil,Q1,Codiovan FCT,Port Harcourt,A. Chukwu,Astra Zeneca,Amuwo,20.9,3,960,4.14,9.196,1,2000,10.12,29
March,Mobil,Q1,Femara FCT,Port Harcourt,A. Chukwu,Astra Zeneca,Amuwo,4.5,0,600,0.9,1.98,1,4000,2.2,17
March,Mobil,Q1,Galvusmet FCT,Port Harcourt,A. Chukwu,Astra Zeneca,Amuwo,11.1,2,240,2.16,4.884,1,2000,5.28,28
March,Mobil,Q1,Lescol HGC,Port Harcourt,A. Chukwu,Astra Zeneca,Amuwo,10.56,3,240,2.07,4.6464,1,2000,5.06,49
March,Mobil,Q1,Ritalin Tab,Port Harcourt,A. Chukwu,Astra Zeneca,Amuwo,11.25,1,480,2.25,4.95,1,1000,5.5,27
March,Mobil,Q1,Tegretol Tab,Port Harcourt,A. Chukwu,Astra Zeneca,Amuwo,9.5,2,840,1.89,4.18,1,3000,4.62,17
March,Mobil,Q1,Zaditen SRO FCT,Port Harcourt,A. Chukwu,Astra Zeneca,Amuwo,13.72,3,600,2.7,6.0368,1,2000,6.6,7
January,Mobil,Q1,Afinitor Tab,Abeokuta,A. Chukwu,Astra Zeneca,Kano,9.6,2,3500,1.89,2.112,1,6000,4.62,12
January,Mobil,Q1,Brinerdine SCT,Abeokuta,A. Chukwu,Astra Zeneca,Kano,9.6,0,1400,1.89,2.112,1,3000,4.62,8
January,Mobil,Q1,Coartem Tab,Abeokuta,A. Chukwu,Astra Zeneca,Kano,17.6,3,3850,3.51,3.872,1,8000,8.58,16
January,Mobil,Q1,Codiovan FCT,Abeokuta,A. Chukwu,Astra Zeneca,Kano,20.9,3,2800,4.14,4.598,1,5000,10.12,22
January,Mobil,Q1,Femara FCT,Abeokuta,A. Chukwu,Astra Zeneca,Kano,4.5,0,1750,0.9,0.99,1,5000,2.2,5
January,Mobil,Q1,Galvusmet FCT,Abeokuta,A. Chukwu,Astra Zeneca,Kano,11.1,2,700,2.16,2.442,1,4000,5.28,10
January,Mobil,Q1,Lescol HGC,Abeokuta,A. Chukwu,Astra Zeneca,Kano,10.56,3,700,2.07,2.3232,1,1000,5.06,12
January,Mobil,Q1,Ritalin Tab,Abeokuta,A. Chukwu,Astra Zeneca,Kano,11.25,1,1400,2.25,2.475,1,3000,5.5,15
January,Mobil,Q1,Tegretol Tab,Abeokuta,A. Chukwu,Astra Zeneca,Kano,9.5,2,2450,1.89,2.09,1,7000,4.62,10
January,Mobil,Q1,Zaditen SRO FCT,Abeokuta,A. Chukwu,Astra Zeneca,Kano,13.72,3,1750,2.7,3.0184,1,2000,6.6,14
January,CBN,Q1,Afinitor Tab,Warri,A. Oni,Astra Zeneca,Kaduna,9.6,1,600,0.84,3.5904,1,6000,4.83,12
January,CBN,Q1,Brinerdine SCT,Warri,A. Oni,Astra Zeneca,Kaduna,9.6,3,240,0.84,3.5904,1,3000,4.83,8
January,CBN,Q1,Coartem Tab,Warri,A. Oni,Astra Zeneca,Kaduna,17.6,4,660,1.56,6.5824,1,8000,8.97,16
January,CBN,Q1,Codiovan FCT,Warri,A. Oni,Astra Zeneca,Kaduna,20.9,4,480,1.84,7.8166,1,5000,10.58,22
January,CBN,Q1,Femara FCT,Warri,A. Oni,Astra Zeneca,Kaduna,4.5,0,300,0.4,1.683,1,5000,2.3,5
January,CBN,Q1,Galvusmet FCT,Warri,A. Oni,Astra Zeneca,Kaduna,11.1,3,120,0.96,4.1514,1,4000,5.52,10
January,CBN,Q1,Lescol HGC,Warri,A. Oni,Astra Zeneca,Kaduna,10.56,2,120,0.92,3.94944,1,1000,5.29,12
January,CBN,Q1,Ritalin Tab,Warri,A. Oni,Astra Zeneca,Kaduna,11.25,1,240,1,4.2075,1,3000,5.75,15
January,CBN,Q1,Tegretol Tab,Warri,A. Oni,Astra Zeneca,Kaduna,9.5,4,420,0.84,3.553,1,7000,4.83,10
January,CBN,Q1,Zaditen SRO FCT,Warri,A. Oni,Astra Zeneca,Kaduna,13.72,2,300,1.2,5.13128,1,2000,6.9,14
March,CBN,Q1,Afinitor Tab,Abeokuta,A. Oni,Astra Zeneca,Kano,9.6,1,600,0.84,3.8016,1,5000,4.83,30
March,CBN,Q1,Brinerdine SCT,Abeokuta,A. Oni,Astra Zeneca,Kano,9.6,3,240,0.84,3.8016,1,2000,4.83,27
March,CBN,Q1,Coartem Tab,Abeokuta,A. Oni,Astra Zeneca,Kano,17.6,4,660,1.56,6.9696,1,6000,8.97,18
March,CBN,Q1,Codiovan FCT,Abeokuta,A. Oni,Astra Zeneca,Kano,20.9,4,480,1.84,8.2764,1,2000,10.58,29
March,CBN,Q1,Femara FCT,Abeokuta,A. Oni,Astra Zeneca,Kano,4.5,0,300,0.4,1.782,1,4000,2.3,17
March,CBN,Q1,Galvusmet FCT,Abeokuta,A. Oni,Astra Zeneca,Kano,11.1,3,120,0.96,4.3956,1,2000,5.52,28
March,CBN,Q1,Lescol HGC,Abeokuta,A. Oni,Astra Zeneca,Kano,10.56,2,120,0.92,4.18176,1,2000,5.29,49
March,CBN,Q1,Ritalin Tab,Abeokuta,A. Oni,Astra Zeneca,Kano,11.25,1,240,1,4.455,1,1000,5.75,27
March,CBN,Q1,Tegretol Tab,Abeokuta,A. Oni,Astra Zeneca,Kano,9.5,4,420,0.84,3.762,1,3000,4.83,17
March,CBN,Q1,Zaditen SRO FCT,Abeokuta,A. Oni,Astra Zeneca,Kano,13.72,2,300,1.2,5.43312,1,2000,6.9,7
February,National Hospital,Q1,Afinitor Tab,Warri,P. Michaels,Astra Zeneca,Kaduna,9.6,5,500,1.05,1.6896,1,3000,4.2,30
February,National Hospital,Q1,Brinerdine SCT,Warri,P. Michaels,Astra Zeneca,Kaduna,9.6,4,200,1.05,1.6896,1,2000,4.2,16
February,National Hospital,Q1,Coartem Tab,Warri,P. Michaels,Astra Zeneca,Kaduna,17.6,8,550,1.95,3.0976,1,5000,7.8,11
February,National Hospital,Q1,Codiovan FCT,Warri,P. Michaels,Astra Zeneca,Kaduna,20.9,9,400,2.3,3.6784,1,3000,9.2,9
February,National Hospital,Q1,Femara FCT,Warri,P. Michaels,Astra Zeneca,Kaduna,4.5,2,250,0.5,0.792,1,4000,2,10
February,National Hospital,Q1,Galvusmet FCT,Warri,P. Michaels,Astra Zeneca,Kaduna,11.1,5,100,1.2,1.9536,1,1000,4.8,28
February,National Hospital,Q1,Lescol HGC,Warri,P. Michaels,Astra Zeneca,Kaduna,10.56,4,100,1.15,1.85856,1,1000,4.6,17
February,National Hospital,Q1,Ritalin Tab,Warri,P. Michaels,Astra Zeneca,Kaduna,11.25,5,200,1.25,1.98,1,1000,5,16
February,National Hospital,Q1,Tegretol Tab,Warri,P. Michaels,Astra Zeneca,Kaduna,9.5,4,350,1.05,1.672,1,5000,4.2,18
February,National Hospital,Q1,Zaditen SRO FCT,Warri,P. Michaels,Astra Zeneca,Kaduna,13.72,6,250,1.5,2.41472,1,2000,6,21
February,NNPC,Q1,Afinitor Tab,Abeokuta,S. Sunday,Astra Zeneca,Kano,9.6,1,1200,1.68,2.5344,1,3000,4.2,30
February,NNPC,Q1,Brinerdine SCT,Abeokuta,S. Sunday,Astra Zeneca,Kano,9.6,3,480,1.68,2.5344,1,2000,4.2,16
February,NNPC,Q1,Coartem Tab,Abeokuta,S. Sunday,Astra Zeneca,Kano,17.6,4,1320,3.12,4.6464,1,5000,7.8,11
February,NNPC,Q1,Codiovan FCT,Abeokuta,S. Sunday,Astra Zeneca,Kano,20.9,7,960,3.68,5.5176,1,3000,9.2,9
February,NNPC,Q1,Femara FCT,Abeokuta,S. Sunday,Astra Zeneca,Kano,4.5,2,600,0.8,1.188,1,4000,2,10
February,NNPC,Q1,Galvusmet FCT,Abeokuta,S. Sunday,Astra Zeneca,Kano,11.1,3,240,1.92,2.9304,1,1000,4.8,28
February,NNPC,Q1,Lescol HGC,Abeokuta,S. Sunday,Astra Zeneca,Kano,10.56,2,240,1.84,2.78784,1,1000,4.6,17
February,NNPC,Q1,Ritalin Tab,Abeokuta,S. Sunday,Astra Zeneca,Kano,11.25,2,480,2,2.97,1,1000,5,16
February,NNPC,Q1,Tegretol Tab,Abeokuta,S. Sunday,Astra Zeneca,Kano,9.5,3,840,1.68,2.508,1,5000,4.2,18
February,NNPC,Q1,Zaditen SRO FCT,Abeokuta,S. Sunday,Astra Zeneca,Kano,13.72,3,600,2.4,3.62208,1,2000,6,21
February,Shell,Q1,Afinitor Tab,Lagos,A. Chukwu,Novartis,Apapa,9.6,2,1400,2.52,2.112,1,3000,4.62,30
February,Shell,Q1,Brinerdine SCT,Lagos,A. Chukwu,Novartis,Apapa,9.6,1,560,2.52,2.112,1,2000,4.62,16
February,Shell,Q1,Coartem Tab,Lagos,A. Chukwu,Novartis,Apapa,17.6,3,1540,4.68,3.872,1,5000,8.58,11
February,Shell,Q1,Codiovan FCT,Lagos,A. Chukwu,Novartis,Apapa,20.9,3,1120,5.52,4.598,1,3000,10.12,9
February,Shell,Q1,Femara FCT,Lagos,A. Chukwu,Novartis,Apapa,4.5,1,700,1.2,0.99,1,4000,2.2,10
February,Shell,Q1,Galvusmet FCT,Lagos,A. Chukwu,Novartis,Apapa,11.1,2,280,2.88,2.442,1,1000,5.28,28
February,Shell,Q1,Lescol HGC,Lagos,A. Chukwu,Novartis,Apapa,10.56,1,280,2.76,2.3232,1,1000,5.06,17
February,Shell,Q1,Ritalin Tab,Lagos,A. Chukwu,Novartis,Apapa,11.25,2,560,3,2.475,1,1000,5.5,16
February,Shell,Q1,Tegretol Tab,Lagos,A. Chukwu,Novartis,Apapa,9.5,1,980,2.52,2.09,1,5000,4.62,18
February,Shell,Q1,Zaditen SRO FCT,Lagos,A. Chukwu,Novartis,Apapa,13.72,2,700,3.6,3.0184,1,2000,6.6,21
January,Total,Q1,Afinitor Tab,Lagos,M. Sule,Novartis,Apapa,9.6,2,1200,6.3,1.6896,1,6000,3.15,12
January,Total,Q1,Brinerdine SCT,Lagos,M. Sule,Novartis,Apapa,9.6,0,480,6.3,1.6896,1,3000,3.15,8
January,Total,Q1,Coartem Tab,Lagos,M. Sule,Novartis,Apapa,17.6,3,1320,11.7,3.0976,1,8000,5.85,16
January,Total,Q1,Codiovan FCT,Lagos,M. Sule,Novartis,Apapa,20.9,3,960,13.8,3.6784,1,5000,6.9,22
January,Total,Q1,Femara FCT,Lagos,M. Sule,Novartis,Apapa,4.5,0,600,3,0.792,1,5000,1.5,5
January,Total,Q1,Galvusmet FCT,Lagos,M. Sule,Novartis,Apapa,11.1,2,240,7.2,1.9536,1,4000,3.6,10
January,Total,Q1,Lescol HGC,Lagos,M. Sule,Novartis,Apapa,10.56,1,240,6.9,1.85856,1,1000,3.45,12
January,Total,Q1,Ritalin Tab,Lagos,M. Sule,Novartis,Apapa,11.25,2,480,7.5,1.98,1,3000,3.75,15
January,Total,Q1,Tegretol Tab,Lagos,M. Sule,Novartis,Apapa,9.5,1,840,6.3,1.672,1,7000,3.15,10
January,Total,Q1,Zaditen SRO FCT,Lagos,M. Sule,Novartis,Apapa,13.72,3,600,9,2.41472,1,2000,4.5,14
March,Total,Q1,Afinitor Tab,Warri,M. Sule,Novartis,Port Harcourt,9.6,2,1200,6.3,2.112,1,5000,3.15,30
March,Total,Q1,Brinerdine SCT,Warri,M. Sule,Novartis,Port Harcourt,9.6,0,480,6.3,2.112,1,2000,3.15,27
March,Total,Q1,Coartem Tab,Warri,M. Sule,Novartis,Port Harcourt,17.6,3,1320,11.7,3.872,1,6000,5.85,18
March,Total,Q1,Codiovan FCT,Warri,M. Sule,Novartis,Port Harcourt,20.9,3,960,13.8,4.598,1,2000,6.9,29
March,Total,Q1,Femara FCT,Warri,M. Sule,Novartis,Port Harcourt,4.5,0,600,3,0.99,1,4000,1.5,17
March,Total,Q1,Galvusmet FCT,Warri,M. Sule,Novartis,Port Harcourt,11.1,2,240,7.2,2.442,1,2000,3.6,28
March,Total,Q1,Lescol HGC,Warri,M. Sule,Novartis,Port Harcourt,10.56,1,240,6.9,2.3232,1,2000,3.45,49
March,Total,Q1,Ritalin Tab,Warri,M. Sule,Novartis,Port Harcourt,11.25,2,480,7.5,2.475,1,1000,3.75,27
March,Total,Q1,Tegretol Tab,Warri,M. Sule,Novartis,Port Harcourt,9.5,1,840,6.3,2.09,1,3000,3.15,17
March,Total,Q1,Zaditen SRO FCT,Warri,M. Sule,Novartis,Port Harcourt,13.72,3,600,9,3.0184,1,2000,4.5,7
February,LUTH,Q1,Afinitor Tab,Kaduna,M. Sule,Pfizer,Amuwo,9.6,6,500,1.26,3.168,1,3000,3.15,30
February,LUTH,Q1,Brinerdine SCT,Kaduna,M. Sule,Pfizer,Amuwo,9.6,5,200,1.26,3.168,1,2000,3.15,16
February,LUTH,Q1,Coartem Tab,Kaduna,M. Sule,Pfizer,Amuwo,17.6,8,550,2.34,5.808,1,5000,5.85,11
February,LUTH,Q1,Codiovan FCT,Kaduna,M. Sule,Pfizer,Amuwo,20.9,10,400,2.76,6.897,1,3000,6.9,9
February,LUTH,Q1,Femara FCT,Kaduna,M. Sule,Pfizer,Amuwo,4.5,3,250,0.6,1.485,1,4000,1.5,10
February,LUTH,Q1,Galvusmet FCT,Kaduna,M. Sule,Pfizer,Amuwo,11.1,5,100,1.44,3.663,1,1000,3.6,28
February,LUTH,Q1,Lescol HGC,Kaduna,M. Sule,Pfizer,Amuwo,10.56,4,100,1.38,3.4848,1,1000,3.45,17
February,LUTH,Q1,Ritalin Tab,Kaduna,M. Sule,Pfizer,Amuwo,11.25,5,200,1.5,3.7125,1,1000,3.75,16
February,LUTH,Q1,Tegretol Tab,Kaduna,M. Sule,Pfizer,Amuwo,9.5,3,350,1.26,3.135,1,5000,3.15,18
February,LUTH,Q1,Zaditen SRO FCT,Kaduna,M. Sule,Pfizer,Amuwo,13.72,5,250,1.8,4.5276,1,2000,4.5,21
January,Unilever,Q1,Afinitor Tab,Kaduna,P. Michaels,Pfizer,Amuwo,9.6,1,600,0.84,3.8016,1,6000,4.2,12
January,Unilever,Q1,Brinerdine SCT,Kaduna,P. Michaels,Pfizer,Amuwo,9.6,2,240,0.84,3.8016,1,3000,4.2,8
January,Unilever,Q1,Coartem Tab,Kaduna,P. Michaels,Pfizer,Amuwo,17.6,2,660,1.56,6.9696,1,8000,7.8,16
January,Unilever,Q1,Codiovan FCT,Kaduna,P. Michaels,Pfizer,Amuwo,20.9,2,480,1.84,8.2764,1,5000,9.2,22
January,Unilever,Q1,Femara FCT,Kaduna,P. Michaels,Pfizer,Amuwo,4.5,1,300,0.4,1.782,1,5000,2,5
January,Unilever,Q1,Galvusmet FCT,Kaduna,P. Michaels,Pfizer,Amuwo,11.1,1,120,0.96,4.3956,1,4000,4.8,10
January,Unilever,Q1,Lescol HGC,Kaduna,P. Michaels,Pfizer,Amuwo,10.56,2,120,0.92,4.18176,1,1000,4.6,12
January,Unilever,Q1,Ritalin Tab,Kaduna,P. Michaels,Pfizer,Amuwo,11.25,1,240,1,4.455,1,3000,5,15
January,Unilever,Q1,Tegretol Tab,Kaduna,P. Michaels,Pfizer,Amuwo,9.5,0,420,0.84,3.762,1,7000,4.2,10
January,Unilever,Q1,Zaditen SRO FCT,Kaduna,P. Michaels,Pfizer,Amuwo,13.72,3,300,1.2,5.43312,1,2000,6,14
March,Unilever,Q1,Afinitor Tab,Kano,P. Michaels,Pfizer,Ikeja,9.6,1,600,0.84,1.6896,1,5000,4.2,30
March,Unilever,Q1,Brinerdine SCT,Kano,P. Michaels,Pfizer,Ikeja,9.6,2,240,0.84,1.6896,1,2000,4.2,27
March,Unilever,Q1,Coartem Tab,Kano,P. Michaels,Pfizer,Ikeja,17.6,2,660,1.56,3.0976,1,6000,7.8,18
March,Unilever,Q1,Codiovan FCT,Kano,P. Michaels,Pfizer,Ikeja,20.9,2,480,1.84,3.6784,1,2000,9.2,29
March,Unilever,Q1,Femara FCT,Kano,P. Michaels,Pfizer,Ikeja,4.5,1,300,0.4,0.792,1,4000,2,17
March,Unilever,Q1,Galvusmet FCT,Kano,P. Michaels,Pfizer,Ikeja,11.1,1,120,0.96,1.9536,1,2000,4.8,28
March,Unilever,Q1,Lescol HGC,Kano,P. Michaels,Pfizer,Ikeja,10.56,2,120,0.92,1.85856,1,2000,4.6,49
March,Unilever,Q1,Ritalin Tab,Kano,P. Michaels,Pfizer,Ikeja,11.25,1,240,1,1.98,1,1000,5,27
March,Unilever,Q1,Tegretol Tab,Kano,P. Michaels,Pfizer,Ikeja,9.5,0,420,0.84,1.672,1,3000,4.2,17
March,Unilever,Q1,Zaditen SRO FCT,Kano,P. Michaels,Pfizer,Ikeja,13.72,3,300,1.2,2.41472,1,2000,6,7
February,Nestle,Q1,Afinitor Tab,Kano,A. Oni,Sanofi,Ikeja,9.6,0,1200,2.94,3.5904,1,3000,4.83,30
February,Nestle,Q1,Brinerdine SCT,Kano,A. Oni,Sanofi,Ikeja,9.6,3,480,2.94,3.5904,1,2000,4.83,16
February,Nestle,Q1,Coartem Tab,Kano,A. Oni,Sanofi,Ikeja,17.6,2,1320,5.46,6.5824,1,5000,8.97,11
February,Nestle,Q1,Codiovan FCT,Kano,A. Oni,Sanofi,Ikeja,20.9,2,960,6.44,7.8166,1,3000,10.58,9
February,Nestle,Q1,Femara FCT,Kano,A. Oni,Sanofi,Ikeja,4.5,0,600,1.4,1.683,1,4000,2.3,10
February,Nestle,Q1,Galvusmet FCT,Kano,A. Oni,Sanofi,Ikeja,11.1,0,240,3.36,4.1514,1,1000,5.52,28
February,Nestle,Q1,Lescol HGC,Kano,A. Oni,Sanofi,Ikeja,10.56,2,240,3.22,3.94944,1,1000,5.29,17
February,Nestle,Q1,Ritalin Tab,Kano,A. Oni,Sanofi,Ikeja,11.25,3,480,3.5,4.2075,1,1000,5.75,16
February,Nestle,Q1,Tegretol Tab,Kano,A. Oni,Sanofi,Ikeja,9.5,3,840,2.94,3.553,1,5000,4.83,18
February,Nestle,Q1,Zaditen SRO FCT,Kano,A. Oni,Sanofi,Ikeja,13.72,2,600,4.2,5.13128,1,2000,6.9,21
March,Cadbury,Q1,Afinitor Tab,Lagos,S. Sunday,Sanofi,Apapa,9.6,1,3500,1.68,2.5344,1,5000,4.2,30
March,Cadbury,Q1,Brinerdine SCT,Lagos,S. Sunday,Sanofi,Apapa,9.6,0,1400,1.68,2.5344,1,2000,4.2,27
March,Cadbury,Q1,Coartem Tab,Lagos,S. Sunday,Sanofi,Apapa,17.6,2,3850,3.12,4.6464,1,6000,7.8,18
March,Cadbury,Q1,Codiovan FCT,Lagos,S. Sunday,Sanofi,Apapa,20.9,3,2800,3.68,5.5176,1,2000,9.2,29
March,Cadbury,Q1,Femara FCT,Lagos,S. Sunday,Sanofi,Apapa,4.5,1,1750,0.8,1.188,1,4000,2,17
March,Cadbury,Q1,Galvusmet FCT,Lagos,S. Sunday,Sanofi,Apapa,11.1,1,700,1.92,2.9304,1,2000,4.8,28
March,Cadbury,Q1,Lescol HGC,Lagos,S. Sunday,Sanofi,Apapa,10.56,2,700,1.84,2.78784,1,2000,4.6,49
March,Cadbury,Q1,Ritalin Tab,Lagos,S. Sunday,Sanofi,Apapa,11.25,3,1400,2,2.97,1,1000,5,27
March,Cadbury,Q1,Tegretol Tab,Lagos,S. Sunday,Sanofi,Apapa,9.5,0,2450,1.68,2.508,1,3000,4.2,17
March,Cadbury,Q1,Zaditen SRO FCT,Lagos,S. Sunday,Sanofi,Apapa,13.72,1,1750,2.4,3.62208,1,2000,6,7
January,Cadbury,Q1,Afinitor Tab,Kano,S. Sunday,Sanofi,Ikeja,9.6,1,3500,1.68,4.224,1,6000,4.2,12
January,Cadbury,Q1,Brinerdine SCT,Kano,S. Sunday,Sanofi,Ikeja,9.6,0,1400,1.68,4.224,1,3000,4.2,8
January,Cadbury,Q1,Coartem Tab,Kano,S. Sunday,Sanofi,Ikeja,17.6,2,3850,3.12,7.744,1,8000,7.8,16
January,Cadbury,Q1,Codiovan FCT,Kano,S. Sunday,Sanofi,Ikeja,20.9,3,2800,3.68,9.196,1,5000,9.2,22
January,Cadbury,Q1,Femara FCT,Kano,S. Sunday,Sanofi,Ikeja,4.5,1,1750,0.8,1.98,1,5000,2,5
January,Cadbury,Q1,Galvusmet FCT,Kano,S. Sunday,Sanofi,Ikeja,11.1,1,700,1.92,4.884,1,4000,4.8,10
January,Cadbury,Q1,Lescol HGC,Kano,S. Sunday,Sanofi,Ikeja,10.56,2,700,1.84,4.6464,1,1000,4.6,12
January,Cadbury,Q1,Ritalin Tab,Kano,S. Sunday,Sanofi,Ikeja,11.25,3,1400,2,4.95,1,3000,5,15
January,Cadbury,Q1,Tegretol Tab,Kano,S. Sunday,Sanofi,Ikeja,9.5,0,2450,1.68,4.18,1,7000,4.2,10
January,Cadbury,Q1,Zaditen SRO FCT,Kano,S. Sunday,Sanofi,Ikeja,13.72,1,1750,2.4,6.0368,1,2000,6,14
May,Mobil,Q2,Afinitor Tab,Kano,A. Chukwu,Astra Zeneca,Ikeja,11.52,2,600,1.89,2.5344,1,6000,4.62,14.4
May,Mobil,Q2,Brinerdine SCT,Kano,A. Chukwu,Astra Zeneca,Ikeja,11.52,0,240,1.89,2.5344,1,3000,4.62,9.6
May,Mobil,Q2,Coartem Tab,Kano,A. Chukwu,Astra Zeneca,Ikeja,21.12,3,660,3.51,4.6464,1,8000,8.58,19.2
May,Mobil,Q2,Codiovan FCT,Kano,A. Chukwu,Astra Zeneca,Ikeja,25.08,3,480,4.14,5.5176,1,5000,10.12,26.4
May,Mobil,Q2,Femara FCT,Kano,A. Chukwu,Astra Zeneca,Ikeja,5.4,0,300,0.9,1.188,1,5000,2.2,6
May,Mobil,Q2,Galvusmet FCT,Kano,A. Chukwu,Astra Zeneca,Ikeja,13.32,2,120,2.16,2.9304,1,4000,5.28,12
May,Mobil,Q2,Lescol HGC,Kano,A. Chukwu,Astra Zeneca,Ikeja,12.672,3,120,2.07,2.78784,1,1000,5.06,14.4
May,Mobil,Q2,Ritalin Tab,Kano,A. Chukwu,Astra Zeneca,Ikeja,13.5,1,240,2.25,2.97,1,3000,5.5,18
May,Mobil,Q2,Tegretol Tab,Kano,A. Chukwu,Astra Zeneca,Ikeja,11.4,2,420,1.89,2.508,1,7000,4.62,12
May,Mobil,Q2,Zaditen SRO FCT,Kano,A. Chukwu,Astra Zeneca,Ikeja,16.464,3,300,2.7,3.62208,1,2000,6.6,16.8
May,CBN,Q2,Afinitor Tab,Port Harcourt,A. Oni,Astra Zeneca,Amuwo,11.52,1,3500,0.84,1.6896,1,6000,4.83,14.4
May,CBN,Q2,Brinerdine SCT,Port Harcourt,A. Oni,Astra Zeneca,Amuwo,11.52,3,1400,0.84,1.6896,1,3000,4.83,9.6
May,CBN,Q2,Coartem Tab,Port Harcourt,A. Oni,Astra Zeneca,Amuwo,21.12,4,3850,1.56,3.0976,1,8000,8.97,19.2
May,CBN,Q2,Codiovan FCT,Port Harcourt,A. Oni,Astra Zeneca,Amuwo,25.08,4,2800,1.84,3.6784,1,5000,10.58,26.4
May,CBN,Q2,Femara FCT,Port Harcourt,A. Oni,Astra Zeneca,Amuwo,5.4,0,1750,0.4,0.792,1,5000,2.3,6
May,CBN,Q2,Galvusmet FCT,Port Harcourt,A. Oni,Astra Zeneca,Amuwo,13.32,3,700,0.96,1.9536,1,4000,5.52,12
May,CBN,Q2,Lescol HGC,Port Harcourt,A. Oni,Astra Zeneca,Amuwo,12.672,2,700,0.92,1.85856,1,1000,5.29,14.4
May,CBN,Q2,Ritalin Tab,Port Harcourt,A. Oni,Astra Zeneca,Amuwo,13.5,1,1400,1,1.98,1,3000,5.75,18
May,CBN,Q2,Tegretol Tab,Port Harcourt,A. Oni,Astra Zeneca,Amuwo,11.4,4,2450,0.84,1.672,1,7000,4.83,12
May,CBN,Q2,Zaditen SRO FCT,Port Harcourt,A. Oni,Astra Zeneca,Amuwo,16.464,2,1750,1.2,2.41472,1,2000,6.9,16.8
June,National Hospital,Q2,Afinitor Tab,Port Harcourt,P. Michaels,Astra Zeneca,Amuwo,11.52,5,1200,1.05,2.112,1,3000,4.2,14.4
June,National Hospital,Q2,Brinerdine SCT,Port Harcourt,P. Michaels,Astra Zeneca,Amuwo,11.52,4,480,1.05,2.112,1,2000,4.2,9.6
June,National Hospital,Q2,Coartem Tab,Port Harcourt,P. Michaels,Astra Zeneca,Amuwo,21.12,8,1320,1.95,3.872,1,5000,7.8,19.2
June,National Hospital,Q2,Codiovan FCT,Port Harcourt,P. Michaels,Astra Zeneca,Amuwo,25.08,9,960,2.3,4.598,1,3000,9.2,26.4
June,National Hospital,Q2,Femara FCT,Port Harcourt,P. Michaels,Astra Zeneca,Amuwo,5.4,2,600,0.5,0.99,1,4000,2,6
June,National Hospital,Q2,Galvusmet FCT,Port Harcourt,P. Michaels,Astra Zeneca,Amuwo,13.32,5,240,1.2,2.442,1,1000,4.8,12
June,National Hospital,Q2,Lescol HGC,Port Harcourt,P. Michaels,Astra Zeneca,Amuwo,12.672,4,240,1.15,2.3232,1,1000,4.6,14.4
June,National Hospital,Q2,Ritalin Tab,Port Harcourt,P. Michaels,Astra Zeneca,Amuwo,13.5,5,480,1.25,2.475,1,1000,5,18
June,National Hospital,Q2,Tegretol Tab,Port Harcourt,P. Michaels,Astra Zeneca,Amuwo,11.4,4,840,1.05,2.09,1,5000,4.2,12
June,National Hospital,Q2,Zaditen SRO FCT,Port Harcourt,P. Michaels,Astra Zeneca,Amuwo,16.464,6,600,1.5,3.0184,1,2000,6,16.8
April,National Hospital,Q2,Afinitor Tab,Abeokuta,P. Michaels,Astra Zeneca,Kano,11.52,5,1000,1.05,3.168,1,4000,4.2,14.4
April,National Hospital,Q2,Brinerdine SCT,Abeokuta,P. Michaels,Astra Zeneca,Kano,11.52,4,400,1.05,3.168,1,1000,4.2,9.6
April,National Hospital,Q2,Coartem Tab,Abeokuta,P. Michaels,Astra Zeneca,Kano,21.12,8,1100,1.95,5.808,1,4000,7.8,19.2
April,National Hospital,Q2,Codiovan FCT,Abeokuta,P. Michaels,Astra Zeneca,Kano,25.08,9,800,2.3,6.897,1,5000,9.2,26.4
April,National Hospital,Q2,Femara FCT,Abeokuta,P. Michaels,Astra Zeneca,Kano,5.4,2,500,0.5,1.485,1,4000,2,6
April,National Hospital,Q2,Galvusmet FCT,Abeokuta,P. Michaels,Astra Zeneca,Kano,13.32,5,200,1.2,3.663,1,1000,4.8,12
April,National Hospital,Q2,Lescol HGC,Abeokuta,P. Michaels,Astra Zeneca,Kano,12.672,4,200,1.15,3.4848,1,3000,4.6,14.4
April,National Hospital,Q2,Ritalin Tab,Abeokuta,P. Michaels,Astra Zeneca,Kano,13.5,5,400,1.25,3.7125,1,4000,5,18
April,National Hospital,Q2,Tegretol Tab,Abeokuta,P. Michaels,Astra Zeneca,Kano,11.4,4,700,1.05,3.135,1,2000,4.2,12
April,National Hospital,Q2,Zaditen SRO FCT,Abeokuta,P. Michaels,Astra Zeneca,Kano,16.464,6,500,1.5,4.5276,1,2000,6,16.8
April,NNPC,Q2,Afinitor Tab,Port Harcourt,S. Sunday,Astra Zeneca,Amuwo,11.52,1,1400,1.68,3.5904,1,4000,4.2,14.4
April,NNPC,Q2,Brinerdine SCT,Port Harcourt,S. Sunday,Astra Zeneca,Amuwo,11.52,3,560,1.68,3.5904,1,1000,4.2,9.6
April,NNPC,Q2,Coartem Tab,Port Harcourt,S. Sunday,Astra Zeneca,Amuwo,21.12,4,1540,3.12,6.5824,1,4000,7.8,19.2
April,NNPC,Q2,Codiovan FCT,Port Harcourt,S. Sunday,Astra Zeneca,Amuwo,25.08,7,1120,3.68,7.8166,1,5000,9.2,26.4
April,NNPC,Q2,Femara FCT,Port Harcourt,S. Sunday,Astra Zeneca,Amuwo,5.4,2,700,0.8,1.683,1,4000,2,6
April,NNPC,Q2,Galvusmet FCT,Port Harcourt,S. Sunday,Astra Zeneca,Amuwo,13.32,3,280,1.92,4.1514,1,1000,4.8,12
April,NNPC,Q2,Lescol HGC,Port Harcourt,S. Sunday,Astra Zeneca,Amuwo,12.672,2,280,1.84,3.94944,1,3000,4.6,14.4
April,NNPC,Q2,Ritalin Tab,Port Harcourt,S. Sunday,Astra Zeneca,Amuwo,13.5,2,560,2,4.2075,1,4000,5,18
April,NNPC,Q2,Tegretol Tab,Port Harcourt,S. Sunday,Astra Zeneca,Amuwo,11.4,3,980,1.68,3.553,1,2000,4.2,12
April,NNPC,Q2,Zaditen SRO FCT,Port Harcourt,S. Sunday,Astra Zeneca,Amuwo,16.464,3,700,2.4,5.13128,1,2000,6,16.8
June,NNPC,Q2,Afinitor Tab,Kano,S. Sunday,Astra Zeneca,Ikeja,11.52,1,500,1.68,3.8016,1,3000,4.2,14.4
June,NNPC,Q2,Brinerdine SCT,Kano,S. Sunday,Astra Zeneca,Ikeja,11.52,3,200,1.68,3.8016,1,2000,4.2,9.6
June,NNPC,Q2,Coartem Tab,Kano,S. Sunday,Astra Zeneca,Ikeja,21.12,4,550,3.12,6.9696,1,5000,7.8,19.2
June,NNPC,Q2,Codiovan FCT,Kano,S. Sunday,Astra Zeneca,Ikeja,25.08,7,400,3.68,8.2764,1,3000,9.2,26.4
June,NNPC,Q2,Femara FCT,Kano,S. Sunday,Astra Zeneca,Ikeja,5.4,2,250,0.8,1.782,1,4000,2,6
June,NNPC,Q2,Galvusmet FCT,Kano,S. Sunday,Astra Zeneca,Ikeja,13.32,3,100,1.92,4.3956,1,1000,4.8,12
June,NNPC,Q2,Lescol HGC,Kano,S. Sunday,Astra Zeneca,Ikeja,12.672,2,100,1.84,4.18176,1,1000,4.6,14.4
June,NNPC,Q2,Ritalin Tab,Kano,S. Sunday,Astra Zeneca,Ikeja,13.5,2,200,2,4.455,1,1000,5,18
June,NNPC,Q2,Tegretol Tab,Kano,S. Sunday,Astra Zeneca,Ikeja,11.4,3,350,1.68,3.762,1,5000,4.2,12
June,NNPC,Q2,Zaditen SRO FCT,Kano,S. Sunday,Astra Zeneca,Ikeja,16.464,3,250,2.4,5.43312,1,2000,6,16.8
June,Shell,Q2,Afinitor Tab,Ibadan,A. Chukwu,Novartis,Kaduna,11.52,2,500,2.52,3.5904,1,3000,4.62,14.4
June,Shell,Q2,Brinerdine SCT,Ibadan,A. Chukwu,Novartis,Kaduna,11.52,1,200,2.52,3.5904,1,2000,4.62,9.6
June,Shell,Q2,Coartem Tab,Ibadan,A. Chukwu,Novartis,Kaduna,21.12,3,550,4.68,6.5824,1,5000,8.58,19.2
June,Shell,Q2,Codiovan FCT,Ibadan,A. Chukwu,Novartis,Kaduna,25.08,3,400,5.52,7.8166,1,3000,10.12,26.4
June,Shell,Q2,Femara FCT,Ibadan,A. Chukwu,Novartis,Kaduna,5.4,1,250,1.2,1.683,1,4000,2.2,6
June,Shell,Q2,Galvusmet FCT,Ibadan,A. Chukwu,Novartis,Kaduna,13.32,2,100,2.88,4.1514,1,1000,5.28,12
June,Shell,Q2,Lescol HGC,Ibadan,A. Chukwu,Novartis,Kaduna,12.672,1,100,2.76,3.94944,1,1000,5.06,14.4
June,Shell,Q2,Ritalin Tab,Ibadan,A. Chukwu,Novartis,Kaduna,13.5,2,200,3,4.2075,1,1000,5.5,18
June,Shell,Q2,Tegretol Tab,Ibadan,A. Chukwu,Novartis,Kaduna,11.4,1,350,2.52,3.553,1,5000,4.62,12
June,Shell,Q2,Zaditen SRO FCT,Ibadan,A. Chukwu,Novartis,Kaduna,16.464,2,250,3.6,5.13128,1,2000,6.6,16.8
April,Shell,Q2,Afinitor Tab,Warri,A. Chukwu,Novartis,Port Harcourt,11.52,2,1400,2.52,2.5344,1,4000,4.62,14.4
April,Shell,Q2,Brinerdine SCT,Warri,A. Chukwu,Novartis,Port Harcourt,11.52,1,560,2.52,2.5344,1,1000,4.62,9.6
April,Shell,Q2,Coartem Tab,Warri,A. Chukwu,Novartis,Port Harcourt,21.12,3,1540,4.68,4.6464,1,4000,8.58,19.2
April,Shell,Q2,Codiovan FCT,Warri,A. Chukwu,Novartis,Port Harcourt,25.08,3,1120,5.52,5.5176,1,5000,10.12,26.4
April,Shell,Q2,Femara FCT,Warri,A. Chukwu,Novartis,Port Harcourt,5.4,1,700,1.2,1.188,1,4000,2.2,6
April,Shell,Q2,Galvusmet FCT,Warri,A. Chukwu,Novartis,Port Harcourt,13.32,2,280,2.88,2.9304,1,1000,5.28,12
April,Shell,Q2,Lescol HGC,Warri,A. Chukwu,Novartis,Port Harcourt,12.672,1,280,2.76,2.78784,1,3000,5.06,14.4
April,Shell,Q2,Ritalin Tab,Warri,A. Chukwu,Novartis,Port Harcourt,13.5,2,560,3,2.97,1,4000,5.5,18
April,Shell,Q2,Tegretol Tab,Warri,A. Chukwu,Novartis,Port Harcourt,11.4,1,980,2.52,2.508,1,2000,4.62,12
April,Shell,Q2,Zaditen SRO FCT,Warri,A. Chukwu,Novartis,Port Harcourt,16.464,2,700,3.6,3.62208,1,2000,6.6,16.8
May,Total,Q2,Afinitor Tab,Abeokuta,M. Sule,Novartis,Kaduna,11.52,2,600,6.3,4.224,1,6000,3.15,14.4
May,Total,Q2,Brinerdine SCT,Abeokuta,M. Sule,Novartis,Kaduna,11.52,0,240,6.3,4.224,1,3000,3.15,9.6
May,Total,Q2,Coartem Tab,Abeokuta,M. Sule,Novartis,Kaduna,21.12,3,660,11.7,7.744,1,8000,5.85,19.2
May,Total,Q2,Codiovan FCT,Abeokuta,M. Sule,Novartis,Kaduna,25.08,3,480,13.8,9.196,1,5000,6.9,26.4
May,Total,Q2,Femara FCT,Ibadan,M. Sule,Novartis,Kaduna,5.4,0,300,3,1.98,1,5000,1.5,6
May,Total,Q2,Galvusmet FCT,Ibadan,M. Sule,Novartis,Kaduna,13.32,2,120,7.2,4.884,1,4000,3.6,12
May,Total,Q2,Lescol HGC,Ibadan,M. Sule,Novartis,Kaduna,12.672,1,120,6.9,4.6464,1,1000,3.45,14.4
May,Total,Q2,Ritalin Tab,Ibadan,M. Sule,Novartis,Kaduna,13.5,2,240,7.5,4.95,1,3000,3.75,18
May,Total,Q2,Tegretol Tab,Ibadan,M. Sule,Novartis,Kaduna,11.4,1,420,6.3,4.18,1,7000,3.15,12
May,Total,Q2,Zaditen SRO FCT,Ibadan,M. Sule,Novartis,Kaduna,16.464,3,300,9,6.0368,1,2000,4.5,16.8
June,LUTH,Q2,Afinitor Tab,Lagos,M. Sule,Pfizer,Apapa,11.52,6,1000,1.26,4.224,1,3000,3.15,14.4
June,LUTH,Q2,Brinerdine SCT,Lagos,M. Sule,Pfizer,Apapa,11.52,5,400,1.26,4.224,1,2000,3.15,9.6
June,LUTH,Q2,Coartem Tab,Lagos,M. Sule,Pfizer,Apapa,21.12,8,1100,2.34,7.744,1,5000,5.85,19.2
June,LUTH,Q2,Codiovan FCT,Lagos,M. Sule,Pfizer,Apapa,25.08,10,800,2.76,9.196,1,3000,6.9,26.4
June,LUTH,Q2,Femara FCT,Lagos,M. Sule,Pfizer,Apapa,5.4,3,500,0.6,1.98,1,4000,1.5,6
June,LUTH,Q2,Galvusmet FCT,Lagos,M. Sule,Pfizer,Apapa,13.32,5,200,1.44,4.884,1,1000,3.6,12
June,LUTH,Q2,Lescol HGC,Lagos,M. Sule,Pfizer,Apapa,12.672,4,200,1.38,4.6464,1,1000,3.45,14.4
June,LUTH,Q2,Ritalin Tab,Lagos,M. Sule,Pfizer,Apapa,13.5,5,400,1.5,4.95,1,1000,3.75,18
June,LUTH,Q2,Tegretol Tab,Lagos,M. Sule,Pfizer,Apapa,11.4,3,700,1.26,4.18,1,5000,3.15,12
June,LUTH,Q2,Zaditen SRO FCT,Lagos,M. Sule,Pfizer,Apapa,16.464,5,500,1.8,6.0368,1,2000,4.5,16.8
April,LUTH,Q2,Afinitor Tab,Kano,M. Sule,Pfizer,Ikeja,11.52,6,1000,1.26,2.112,1,4000,3.15,14.4
April,LUTH,Q2,Brinerdine SCT,Kano,M. Sule,Pfizer,Ikeja,11.52,5,400,1.26,2.112,1,1000,3.15,9.6
April,LUTH,Q2,Coartem Tab,Kano,M. Sule,Pfizer,Ikeja,21.12,8,1100,2.34,3.872,1,4000,5.85,19.2
April,LUTH,Q2,Codiovan FCT,Kano,M. Sule,Pfizer,Ikeja,25.08,10,800,2.76,4.598,1,5000,6.9,26.4
April,LUTH,Q2,Femara FCT,Kano,M. Sule,Pfizer,Ikeja,5.4,3,500,0.6,0.99,1,4000,1.5,6
April,LUTH,Q2,Galvusmet FCT,Kano,M. Sule,Pfizer,Ikeja,13.32,5,200,1.44,2.442,1,1000,3.6,12
April,LUTH,Q2,Lescol HGC,Kano,M. Sule,Pfizer,Ikeja,12.672,4,200,1.38,2.3232,1,3000,3.45,14.4
April,LUTH,Q2,Ritalin Tab,Kano,M. Sule,Pfizer,Ikeja,13.5,5,400,1.5,2.475,1,4000,3.75,18
April,LUTH,Q2,Tegretol Tab,Kano,M. Sule,Pfizer,Ikeja,11.4,3,700,1.26,2.09,1,2000,3.15,12
April,LUTH,Q2,Zaditen SRO FCT,Kano,M. Sule,Pfizer,Ikeja,16.464,5,500,1.8,3.0184,1,2000,4.5,16.8
May,Unilever,Q2,Afinitor Tab,Lagos,P. Michaels,Pfizer,Apapa,11.52,1,600,0.84,3.168,1,6000,4.2,14.4
May,Unilever,Q2,Brinerdine SCT,Lagos,P. Michaels,Pfizer,Apapa,11.52,2,240,0.84,3.168,1,3000,4.2,9.6
May,Unilever,Q2,Coartem Tab,Lagos,P. Michaels,Pfizer,Apapa,21.12,2,660,1.56,5.808,1,8000,7.8,19.2
May,Unilever,Q2,Codiovan FCT,Lagos,P. Michaels,Pfizer,Apapa,25.08,2,480,1.84,6.897,1,5000,9.2,26.4
May,Unilever,Q2,Femara FCT,Lagos,P. Michaels,Pfizer,Apapa,5.4,1,300,0.4,1.485,1,5000,2,6
May,Unilever,Q2,Galvusmet FCT,Lagos,P. Michaels,Pfizer,Apapa,13.32,1,120,0.96,3.663,1,4000,4.8,12
May,Unilever,Q2,Lescol HGC,Lagos,P. Michaels,Pfizer,Apapa,12.672,2,120,0.92,3.4848,1,1000,4.6,14.4
May,Unilever,Q2,Ritalin Tab,Lagos,P. Michaels,Pfizer,Apapa,13.5,1,240,1,3.7125,1,3000,5,18
May,Unilever,Q2,Tegretol Tab,Lagos,P. Michaels,Pfizer,Apapa,11.4,0,420,0.84,3.135,1,7000,4.2,12
May,Unilever,Q2,Zaditen SRO FCT,Lagos,P. Michaels,Pfizer,Apapa,16.464,3,300,1.2,4.5276,1,2000,6,16.8
April,Nestle,Q2,Afinitor Tab,Lagos,A. Oni,Sanofi,Apapa,11.52,0,1200,2.94,3.8016,1,4000,4.83,14.4
April,Nestle,Q2,Brinerdine SCT,Lagos,A. Oni,Sanofi,Apapa,11.52,3,480,2.94,3.8016,1,1000,4.83,9.6
April,Nestle,Q2,Coartem Tab,Lagos,A. Oni,Sanofi,Apapa,21.12,2,1320,5.46,6.9696,1,4000,8.97,19.2
April,Nestle,Q2,Codiovan FCT,Lagos,A. Oni,Sanofi,Apapa,25.08,2,960,6.44,8.2764,1,5000,10.58,26.4
April,Nestle,Q2,Femara FCT,Lagos,A. Oni,Sanofi,Apapa,5.4,0,600,1.4,1.782,1,4000,2.3,6
April,Nestle,Q2,Galvusmet FCT,Lagos,A. Oni,Sanofi,Apapa,13.32,0,240,3.36,4.3956,1,1000,5.52,12
April,Nestle,Q2,Lescol HGC,Lagos,A. Oni,Sanofi,Apapa,12.672,2,240,3.22,4.18176,1,3000,5.29,14.4
April,Nestle,Q2,Ritalin Tab,Lagos,A. Oni,Sanofi,Apapa,13.5,3,480,3.5,4.455,1,4000,5.75,18
April,Nestle,Q2,Tegretol Tab,Lagos,A. Oni,Sanofi,Apapa,11.4,3,840,2.94,3.762,1,2000,4.83,12
April,Nestle,Q2,Zaditen SRO FCT,Lagos,A. Oni,Sanofi,Apapa,16.464,2,600,4.2,5.43312,1,2000,6.9,16.8
June,Nestle,Q2,Afinitor Tab,Abuja,A. Oni,Sanofi,Calabar,11.52,0,1200,2.94,3.168,1,3000,4.83,14.4
June,Nestle,Q2,Brinerdine SCT,Abuja,A. Oni,Sanofi,Calabar,11.52,3,480,2.94,3.168,1,2000,4.83,9.6
June,Nestle,Q2,Coartem Tab,Abuja,A. Oni,Sanofi,Calabar,21.12,2,1320,5.46,5.808,1,5000,8.97,19.2
June,Nestle,Q2,Codiovan FCT,Abuja,A. Oni,Sanofi,Calabar,25.08,2,960,6.44,6.897,1,3000,10.58,26.4
June,Nestle,Q2,Femara FCT,Abuja,A. Oni,Sanofi,Calabar,5.4,0,600,1.4,1.485,1,4000,2.3,6
June,Nestle,Q2,Galvusmet FCT,Abuja,A. Oni,Sanofi,Calabar,13.32,0,240,3.36,3.663,1,1000,5.52,12
June,Nestle,Q2,Lescol HGC,Abuja,A. Oni,Sanofi,Calabar,12.672,2,240,3.22,3.4848,1,1000,5.29,14.4
June,Nestle,Q2,Ritalin Tab,Abuja,A. Oni,Sanofi,Calabar,13.5,3,480,3.5,3.7125,1,1000,5.75,18
June,Nestle,Q2,Tegretol Tab,Abuja,A. Oni,Sanofi,Calabar,11.4,3,840,2.94,3.135,1,5000,4.83,12
June,Nestle,Q2,Zaditen SRO FCT,Calabar,A. Oni,Sanofi,Calabar,16.464,2,600,4.2,4.5276,1,2000,6.9,16.8
May,Cadbury,Q2,Codiovan FCT,Abuja,S. Sunday,Sanofi,Port Harcourt,25.08,3,2800,3.68,8.2764,1,5000,9.2,26.4
May,Cadbury,Q2,Femara FCT,Abuja,S. Sunday,Sanofi,Port Harcourt,5.4,1,1750,0.8,1.782,1,5000,2,6
May,Cadbury,Q2,Galvusmet FCT,Abuja,S. Sunday,Sanofi,Port Harcourt,13.32,1,700,1.92,4.3956,1,4000,4.8,12
May,Cadbury,Q2,Lescol HGC,Abuja,S. Sunday,Sanofi,Port Harcourt,12.672,2,700,1.84,4.18176,1,1000,4.6,14.4
May,Cadbury,Q2,Ritalin Tab,Abuja,S. Sunday,Sanofi,Port Harcourt,13.5,3,1400,2,4.455,1,3000,5,18
May,Cadbury,Q2,Tegretol Tab,Abuja,S. Sunday,Sanofi,Port Harcourt,11.4,0,2450,1.68,3.762,1,7000,4.2,12
May,Cadbury,Q2,Zaditen SRO FCT,Abuja,S. Sunday,Sanofi,Port Harcourt,16.464,1,1750,2.4,5.43312,1,2000,6,16.8
May,Cadbury,Q2,Afinitor Tab,Warri,S. Sunday,Sanofi,Port Harcourt,11.52,1,3500,1.68,3.8016,1,6000,4.2,14.4
May,Cadbury,Q2,Brinerdine SCT,Warri,S. Sunday,Sanofi,Port Harcourt,11.52,0,1400,1.68,3.8016,1,3000,4.2,9.6
May,Cadbury,Q2,Coartem Tab,Warri,S. Sunday,Sanofi,Port Harcourt,21.12,2,3850,3.12,6.9696,1,8000,7.8,19.2
July,Mobil,Q3,Afinitor Tab,Lagos,A. Chukwu,Astra Zeneca,Apapa,13.824,2,600,1.89,3.5904,1,5000,4.62,17.28
July,Mobil,Q3,Brinerdine SCT,Lagos,A. Chukwu,Astra Zeneca,Apapa,13.824,0,240,1.89,3.5904,1,2000,4.62,11.52
July,Mobil,Q3,Coartem Tab,Lagos,A. Chukwu,Astra Zeneca,Apapa,25.344,3,660,3.51,6.5824,1,6000,8.58,23.04
July,Mobil,Q3,Codiovan FCT,Lagos,A. Chukwu,Astra Zeneca,Apapa,30.096,3,480,4.14,7.8166,1,2000,10.12,31.68
July,Mobil,Q3,Femara FCT,Lagos,A. Chukwu,Astra Zeneca,Apapa,6.48,0,300,0.9,1.683,1,4000,2.2,7.2
July,Mobil,Q3,Galvusmet FCT,Lagos,A. Chukwu,Astra Zeneca,Apapa,15.984,2,120,2.16,4.1514,1,2000,5.28,14.4
July,Mobil,Q3,Lescol HGC,Lagos,A. Chukwu,Astra Zeneca,Apapa,15.2064,3,120,2.07,3.94944,1,2000,5.06,17.28
July,Mobil,Q3,Ritalin Tab,Lagos,A. Chukwu,Astra Zeneca,Apapa,16.2,1,240,2.25,4.2075,1,1000,5.5,21.6
July,Mobil,Q3,Tegretol Tab,Lagos,A. Chukwu,Astra Zeneca,Apapa,13.68,2,420,1.89,3.553,1,3000,4.62,14.4
July,Mobil,Q3,Zaditen SRO FCT,Lagos,A. Chukwu,Astra Zeneca,Apapa,19.7568,3,300,2.7,5.13128,1,2000,6.6,20.16
September,CBN,Q3,Afinitor Tab,Lagos,A. Oni,Astra Zeneca,Apapa,13.824,1,193.9990624,0.84,2.112,1,6000,4.83,17.28
September,CBN,Q3,Brinerdine SCT,Lagos,A. Oni,Astra Zeneca,Apapa,13.824,3,218.9873418,0.84,2.112,1,3000,4.83,11.52
September,CBN,Q3,Coartem Tab,Lagos,A. Oni,Astra Zeneca,Apapa,25.344,4,206.4932021,1.56,3.872,1,8000,8.97,23.04
September,CBN,Q3,Codiovan FCT,Lagos,A. Oni,Astra Zeneca,Apapa,30.096,4,193.9990624,1.84,4.598,1,5000,10.58,31.68
September,CBN,Q3,Femara FCT,Lagos,A. Oni,Astra Zeneca,Apapa,6.48,0,181.5049226,0.4,0.99,1,5000,2.3,7.2
September,CBN,Q3,Galvusmet FCT,Lagos,A. Oni,Astra Zeneca,Apapa,15.984,3,169.0107829,0.96,2.442,1,4000,5.52,14.4
September,CBN,Q3,Lescol HGC,Lagos,A. Oni,Astra Zeneca,Apapa,15.2064,2,156.5166432,0.92,2.3232,1,1000,5.29,17.28
September,CBN,Q3,Ritalin Tab,Lagos,A. Oni,Astra Zeneca,Apapa,16.2,1,144.0225035,1,2.475,1,3000,5.75,21.6
September,CBN,Q3,Tegretol Tab,Lagos,A. Oni,Astra Zeneca,Apapa,13.68,4,131.5283638,0.84,2.09,1,7000,4.83,14.4
September,CBN,Q3,Zaditen SRO FCT,Lagos,A. Oni,Astra Zeneca,Apapa,19.7568,2,119.0342241,1.2,3.0184,1,2000,6.9,20.16
July,CBN,Q3,Afinitor Tab,Kano,A. Oni,Astra Zeneca,Ikeja,13.824,1,1200,0.84,3.168,1,5000,4.83,17.28
July,CBN,Q3,Brinerdine SCT,Kano,A. Oni,Astra Zeneca,Ikeja,13.824,3,480,0.84,3.168,1,2000,4.83,11.52
July,CBN,Q3,Coartem Tab,Kano,A. Oni,Astra Zeneca,Ikeja,25.344,4,1320,1.56,5.808,1,6000,8.97,23.04
July,CBN,Q3,Codiovan FCT,Kano,A. Oni,Astra Zeneca,Ikeja,30.096,4,960,1.84,6.897,1,2000,10.58,31.68
July,CBN,Q3,Femara FCT,Kano,A. Oni,Astra Zeneca,Ikeja,6.48,0,600,0.4,1.485,1,4000,2.3,7.2
July,CBN,Q3,Galvusmet FCT,Kano,A. Oni,Astra Zeneca,Ikeja,15.984,3,240,0.96,3.663,1,2000,5.52,14.4
July,CBN,Q3,Lescol HGC,Kano,A. Oni,Astra Zeneca,Ikeja,15.2064,2,240,0.92,3.4848,1,2000,5.29,17.28
July,CBN,Q3,Ritalin Tab,Kano,A. Oni,Astra Zeneca,Ikeja,16.2,1,480,1,3.7125,1,1000,5.75,21.6
July,CBN,Q3,Tegretol Tab,Kano,A. Oni,Astra Zeneca,Ikeja,13.68,4,840,0.84,3.135,1,3000,4.83,14.4
July,CBN,Q3,Zaditen SRO FCT,Kano,A. Oni,Astra Zeneca,Ikeja,19.7568,2,600,1.2,4.5276,1,2000,6.9,20.16
August,National Hospital,Q3,Afinitor Tab,Kano,P. Michaels,Astra Zeneca,Ikeja,13.824,5,1400,1.05,4.224,1,4000,4.2,17.28
August,National Hospital,Q3,Brinerdine SCT,Kano,P. Michaels,Astra Zeneca,Ikeja,13.824,4,560,1.05,4.224,1,1000,4.2,11.52
August,National Hospital,Q3,Coartem Tab,Kano,P. Michaels,Astra Zeneca,Ikeja,25.344,8,1540,1.95,7.744,1,4000,7.8,23.04
August,National Hospital,Q3,Codiovan FCT,Kano,P. Michaels,Astra Zeneca,Ikeja,30.096,9,1120,2.3,9.196,1,5000,9.2,31.68
August,National Hospital,Q3,Femara FCT,Kano,P. Michaels,Astra Zeneca,Ikeja,6.48,2,700,0.5,1.98,1,4000,2,7.2
August,National Hospital,Q3,Galvusmet FCT,Kano,P. Michaels,Astra Zeneca,Ikeja,15.984,5,280,1.2,4.884,1,1000,4.8,14.4
August,National Hospital,Q3,Lescol HGC,Kano,P. Michaels,Astra Zeneca,Ikeja,15.2064,4,280,1.15,4.6464,1,3000,4.6,17.28
August,National Hospital,Q3,Ritalin Tab,Kano,P. Michaels,Astra Zeneca,Ikeja,16.2,5,560,1.25,4.95,1,4000,5,21.6
August,National Hospital,Q3,Tegretol Tab,Kano,P. Michaels,Astra Zeneca,Ikeja,13.68,4,980,1.05,4.18,1,2000,4.2,14.4
August,National Hospital,Q3,Zaditen SRO FCT,Kano,P. Michaels,Astra Zeneca,Ikeja,19.7568,6,700,1.5,6.0368,1,2000,6,20.16
August,NNPC,Q3,Afinitor Tab,Lagos,S. Sunday,Astra Zeneca,Apapa,13.824,1,500,1.68,1.6896,1,4000,4.2,17.28
August,NNPC,Q3,Brinerdine SCT,Lagos,S. Sunday,Astra Zeneca,Apapa,13.824,3,200,1.68,1.6896,1,1000,4.2,11.52
August,NNPC,Q3,Coartem Tab,Lagos,S. Sunday,Astra Zeneca,Apapa,25.344,4,550,3.12,3.0976,1,4000,7.8,23.04
August,NNPC,Q3,Codiovan FCT,Lagos,S. Sunday,Astra Zeneca,Apapa,30.096,7,400,3.68,3.6784,1,5000,9.2,31.68
August,NNPC,Q3,Femara FCT,Lagos,S. Sunday,Astra Zeneca,Apapa,6.48,2,250,0.8,0.792,1,4000,2,7.2
August,NNPC,Q3,Galvusmet FCT,Lagos,S. Sunday,Astra Zeneca,Apapa,15.984,3,100,1.92,1.9536,1,1000,4.8,14.4
August,NNPC,Q3,Lescol HGC,Lagos,S. Sunday,Astra Zeneca,Apapa,15.2064,2,100,1.84,1.85856,1,3000,4.6,17.28
August,NNPC,Q3,Ritalin Tab,Lagos,S. Sunday,Astra Zeneca,Apapa,16.2,2,200,2,1.98,1,4000,5,21.6
August,NNPC,Q3,Tegretol Tab,Lagos,S. Sunday,Astra Zeneca,Apapa,13.68,3,350,1.68,1.672,1,2000,4.2,14.4
August,NNPC,Q3,Zaditen SRO FCT,Lagos,S. Sunday,Astra Zeneca,Apapa,19.7568,3,250,2.4,2.41472,1,2000,6,20.16
August,Shell,Q3,Coartem Tab,Ilorin,A. Chukwu,Novartis,Kano,25.344,3,1100,4.68,6.9696,1,4000,8.58,23.04
August,Shell,Q3,Codiovan FCT,Ilorin,A. Chukwu,Novartis,Kano,30.096,3,800,5.52,8.2764,1,5000,10.12,31.68
August,Shell,Q3,Femara FCT,Ilorin,A. Chukwu,Novartis,Kano,6.48,1,500,1.2,1.782,1,4000,2.2,7.2
August,Shell,Q3,Galvusmet FCT,Ilorin,A. Chukwu,Novartis,Kano,15.984,2,200,2.88,4.3956,1,1000,5.28,14.4
August,Shell,Q3,Lescol HGC,Ilorin,A. Chukwu,Novartis,Kano,15.2064,1,200,2.76,4.18176,1,3000,5.06,17.28
August,Shell,Q3,Ritalin Tab,Ilorin,A. Chukwu,Novartis,Kano,16.2,2,400,3,4.455,1,4000,5.5,21.6
August,Shell,Q3,Tegretol Tab,Ilorin,A. Chukwu,Novartis,Kano,13.68,1,700,2.52,3.762,1,2000,4.62,14.4
August,Shell,Q3,Zaditen SRO FCT,Ilorin,A. Chukwu,Novartis,Kano,19.7568,2,500,3.6,5.43312,1,2000,6.6,20.16
August,Shell,Q3,Afinitor Tab,Port Harcourt,A. Chukwu,Novartis,Kano,13.824,2,1000,2.52,3.8016,1,4000,4.62,17.28
August,Shell,Q3,Brinerdine SCT,Port Harcourt,A. Chukwu,Novartis,Kano,13.824,1,400,2.52,3.8016,1,1000,4.62,11.52
September,Total,Q3,Afinitor Tab,Kaduna,M. Sule,Novartis,Amuwo,13.824,2,3500,6.3,3.5904,1,6000,3.15,17.28
September,Total,Q3,Brinerdine SCT,Kaduna,M. Sule,Novartis,Amuwo,13.824,0,1400,6.3,3.5904,1,3000,3.15,11.52
September,Total,Q3,Coartem Tab,Kaduna,M. Sule,Novartis,Amuwo,25.344,3,3850,11.7,6.5824,1,8000,5.85,23.04
September,Total,Q3,Codiovan FCT,Kaduna,M. Sule,Novartis,Amuwo,30.096,3,2800,13.8,7.8166,1,5000,6.9,31.68
September,Total,Q3,Femara FCT,Kaduna,M. Sule,Novartis,Amuwo,6.48,0,1750,3,1.683,1,5000,1.5,7.2
September,Total,Q3,Galvusmet FCT,Kaduna,M. Sule,Novartis,Amuwo,15.984,2,700,7.2,4.1514,1,4000,3.6,14.4
September,Total,Q3,Lescol HGC,Kaduna,M. Sule,Novartis,Amuwo,15.2064,1,700,6.9,3.94944,1,1000,3.45,17.28
September,Total,Q3,Ritalin Tab,Kaduna,M. Sule,Novartis,Amuwo,16.2,2,1400,7.5,4.2075,1,3000,3.75,21.6
September,Total,Q3,Tegretol Tab,Kaduna,M. Sule,Novartis,Amuwo,13.68,1,2450,6.3,3.553,1,7000,3.15,14.4
September,Total,Q3,Zaditen SRO FCT,Kaduna,M. Sule,Novartis,Amuwo,19.7568,3,1750,9,5.13128,1,2000,4.5,20.16
July,Total,Q3,Afinitor Tab,Port Harcourt,M. Sule,Novartis,Kano,13.824,2,600,6.3,2.5344,1,5000,3.15,17.28
July,Total,Q3,Brinerdine SCT,Port Harcourt,M. Sule,Novartis,Kano,13.824,0,240,6.3,2.5344,1,2000,3.15,11.52
July,Total,Q3,Coartem Tab,Port Harcourt,M. Sule,Novartis,Kano,25.344,3,660,11.7,4.6464,1,6000,5.85,23.04
July,Total,Q3,Codiovan FCT,Port Harcourt,M. Sule,Novartis,Kano,30.096,3,480,13.8,5.5176,1,2000,6.9,31.68
July,Total,Q3,Femara FCT,Port Harcourt,M. Sule,Novartis,Kano,6.48,0,300,3,1.188,1,4000,1.5,7.2
July,Total,Q3,Galvusmet FCT,Port Harcourt,M. Sule,Novartis,Kano,15.984,2,120,7.2,2.9304,1,2000,3.6,14.4
July,Total,Q3,Lescol HGC,Port Harcourt,M. Sule,Novartis,Kano,15.2064,1,120,6.9,2.78784,1,2000,3.45,17.28
July,Total,Q3,Ritalin Tab,Port Harcourt,M. Sule,Novartis,Kano,16.2,2,240,7.5,2.97,1,1000,3.75,21.6
July,Total,Q3,Tegretol Tab,Port Harcourt,M. Sule,Novartis,Kano,13.68,1,420,6.3,2.508,1,3000,3.15,14.4
July,Total,Q3,Zaditen SRO FCT,Port Harcourt,M. Sule,Novartis,Kano,19.7568,3,300,9,3.62208,1,2000,4.5,20.16
July,Unilever,Q3,Afinitor Tab,Calabar,P. Michaels,Pfizer,In Transit,13.824,1,600,0.84,4.224,1,5000,4.2,17.28
July,Unilever,Q3,Brinerdine SCT,Calabar,P. Michaels,Pfizer,In Transit,13.824,2,240,0.84,4.224,1,2000,4.2,11.52
July,Unilever,Q3,Coartem Tab,Calabar,P. Michaels,Pfizer,In Transit,25.344,2,660,1.56,7.744,1,6000,7.8,23.04
July,Unilever,Q3,Codiovan FCT,Calabar,P. Michaels,Pfizer,In Transit,30.096,2,480,1.84,9.196,1,2000,9.2,31.68
July,Unilever,Q3,Femara FCT,Calabar,P. Michaels,Pfizer,In Transit,6.48,1,300,0.4,1.98,1,4000,2,7.2
July,Unilever,Q3,Galvusmet FCT,Calabar,P. Michaels,Pfizer,In Transit,15.984,1,120,0.96,4.884,1,2000,4.8,14.4
July,Unilever,Q3,Lescol HGC,Calabar,P. Michaels,Pfizer,In Transit,15.2064,2,120,0.92,4.6464,1,2000,4.6,17.28
July,Unilever,Q3,Ritalin Tab,Calabar,P. Michaels,Pfizer,In Transit,16.2,1,240,1,4.95,1,1000,5,21.6
July,Unilever,Q3,Tegretol Tab,Calabar,P. Michaels,Pfizer,In Transit,13.68,0,420,0.84,4.18,1,3000,4.2,14.4
July,Unilever,Q3,Zaditen SRO FCT,Calabar,P. Michaels,Pfizer,In Transit,19.7568,3,300,1.2,6.0368,1,2000,6,20.16
September,Unilever,Q3,Afinitor Tab,Ibadan,P. Michaels,Pfizer,Kaduna,13.824,1,3500,0.84,2.5344,1,6000,4.2,17.28
September,Unilever,Q3,Brinerdine SCT,Ibadan,P. Michaels,Pfizer,Kaduna,13.824,2,1400,0.84,2.5344,1,3000,4.2,11.52
September,Unilever,Q3,Coartem Tab,Ibadan,P. Michaels,Pfizer,Kaduna,25.344,2,3850,1.56,4.6464,1,8000,7.8,23.04
September,Unilever,Q3,Codiovan FCT,Ibadan,P. Michaels,Pfizer,Kaduna,30.096,2,2800,1.84,5.5176,1,5000,9.2,31.68
September,Unilever,Q3,Femara FCT,Ibadan,P. Michaels,Pfizer,Kaduna,6.48,1,1750,0.4,1.188,1,5000,2,7.2
September,Unilever,Q3,Galvusmet FCT,Ibadan,P. Michaels,Pfizer,Kaduna,15.984,1,700,0.96,2.9304,1,4000,4.8,14.4
September,Unilever,Q3,Lescol HGC,Ibadan,P. Michaels,Pfizer,Kaduna,15.2064,2,700,0.92,2.78784,1,1000,4.6,17.28
September,Unilever,Q3,Ritalin Tab,Ibadan,P. Michaels,Pfizer,Kaduna,16.2,1,1400,1,2.97,1,3000,5,21.6
September,Unilever,Q3,Tegretol Tab,Ibadan,P. Michaels,Pfizer,Kaduna,13.68,0,2450,0.84,2.508,1,7000,4.2,14.4
September,Unilever,Q3,Zaditen SRO FCT,Ibadan,P. Michaels,Pfizer,Kaduna,19.7568,3,1750,1.2,3.62208,1,2000,6,20.16
August,Nestle,Q3,Afinitor Tab,Ibadan,A. Oni,Sanofi,Kaduna,13.824,0,1400,2.94,2.112,1,4000,4.83,17.28
August,Nestle,Q3,Brinerdine SCT,Ibadan,A. Oni,Sanofi,Kaduna,13.824,3,560,2.94,2.112,1,1000,4.83,11.52
August,Nestle,Q3,Coartem Tab,Ibadan,A. Oni,Sanofi,Kaduna,25.344,2,1540,5.46,3.872,1,4000,8.97,23.04
August,Nestle,Q3,Codiovan FCT,Ibadan,A. Oni,Sanofi,Kaduna,30.096,2,1120,6.44,4.598,1,5000,10.58,31.68
August,Nestle,Q3,Femara FCT,Ibadan,A. Oni,Sanofi,Kaduna,6.48,0,700,1.4,0.99,1,4000,2.3,7.2
August,Nestle,Q3,Galvusmet FCT,Ibadan,A. Oni,Sanofi,Kaduna,15.984,0,280,3.36,2.442,1,1000,5.52,14.4
August,Nestle,Q3,Lescol HGC,Ibadan,A. Oni,Sanofi,Kaduna,15.2064,2,280,3.22,2.3232,1,3000,5.29,17.28
August,Nestle,Q3,Ritalin Tab,Ibadan,A. Oni,Sanofi,Kaduna,16.2,3,560,3.5,2.475,1,4000,5.75,21.6
August,Nestle,Q3,Tegretol Tab,Ibadan,A. Oni,Sanofi,Kaduna,13.68,3,980,2.94,2.09,1,2000,4.83,14.4
August,Nestle,Q3,Zaditen SRO FCT,Ibadan,A. Oni,Sanofi,Kaduna,19.7568,2,700,4.2,3.0184,1,2000,6.9,20.16
July,Cadbury,Q3,Afinitor Tab,Ibadan,S. Sunday,Sanofi,Kaduna,13.824,1,1200,1.68,1.6896,1,5000,4.2,17.28
July,Cadbury,Q3,Brinerdine SCT,Ibadan,S. Sunday,Sanofi,Kaduna,13.824,0,480,1.68,1.6896,1,2000,4.2,11.52
July,Cadbury,Q3,Coartem Tab,Ibadan,S. Sunday,Sanofi,Kaduna,25.344,2,1320,3.12,3.0976,1,6000,7.8,23.04
July,Cadbury,Q3,Codiovan FCT,Ibadan,S. Sunday,Sanofi,Kaduna,30.096,3,960,3.68,3.6784,1,2000,9.2,31.68
July,Cadbury,Q3,Femara FCT,Ibadan,S. Sunday,Sanofi,Kaduna,6.48,1,600,0.8,0.792,1,4000,2,7.2
July,Cadbury,Q3,Galvusmet FCT,Ibadan,S. Sunday,Sanofi,Kaduna,15.984,1,240,1.92,1.9536,1,2000,4.8,14.4
July,Cadbury,Q3,Lescol HGC,Ibadan,S. Sunday,Sanofi,Kaduna,15.2064,2,240,1.84,1.85856,1,2000,4.6,17.28
July,Cadbury,Q3,Ritalin Tab,Ibadan,S. Sunday,Sanofi,Kaduna,16.2,3,480,2,1.98,1,1000,5,21.6
July,Cadbury,Q3,Tegretol Tab,Ibadan,S. Sunday,Sanofi,Kaduna,13.68,0,840,1.68,1.672,1,3000,4.2,14.4
July,Cadbury,Q3,Zaditen SRO FCT,Ibadan,S. Sunday,Sanofi,Kaduna,19.7568,1,600,2.4,2.41472,1,2000,6,20.16
September,Cadbury,Q3,Afinitor Tab,Ilorin,S. Sunday,Sanofi,Kano,13.824,1,600,1.68,3.168,1,6000,4.2,17.28
September,Cadbury,Q3,Brinerdine SCT,Ilorin,S. Sunday,Sanofi,Kano,13.824,0,240,1.68,3.168,1,3000,4.2,11.52
September,Cadbury,Q3,Coartem Tab,Ilorin,S. Sunday,Sanofi,Kano,25.344,2,660,3.12,5.808,1,8000,7.8,23.04
September,Cadbury,Q3,Codiovan FCT,Ilorin,S. Sunday,Sanofi,Kano,30.096,3,480,3.68,6.897,1,5000,9.2,31.68
September,Cadbury,Q3,Femara FCT,Ilorin,S. Sunday,Sanofi,Kano,6.48,1,300,0.8,1.485,1,5000,2,7.2
September,Cadbury,Q3,Galvusmet FCT,Ilorin,S. Sunday,Sanofi,Kano,15.984,1,120,1.92,3.663,1,4000,4.8,14.4
September,Cadbury,Q3,Lescol HGC,Ilorin,S. Sunday,Sanofi,Kano,15.2064,2,120,1.84,3.4848,1,1000,4.6,17.28
September,Cadbury,Q3,Ritalin Tab,Ilorin,S. Sunday,Sanofi,Kano,16.2,3,240,2,3.7125,1,3000,5,21.6
September,Cadbury,Q3,Tegretol Tab,Ilorin,S. Sunday,Sanofi,Kano,13.68,0,420,1.68,3.135,1,7000,4.2,14.4
September,Cadbury,Q3,Zaditen SRO FCT,Ilorin,S. Sunday,Sanofi,Kano,19.7568,1,300,2.4,4.5276,1,2000,6,20.16
November,Mobil,Q4,Afinitor Tab,Warri,A. Chukwu,Astra Zeneca,Kaduna,16.5888,2,600,1.89,3.168,1,5000,4.62,20.736
November,Mobil,Q4,Brinerdine SCT,Warri,A. Chukwu,Astra Zeneca,Kaduna,16.5888,0,240,1.89,3.168,1,2000,4.62,13.824
November,Mobil,Q4,Coartem Tab,Warri,A. Chukwu,Astra Zeneca,Kaduna,30.4128,3,660,3.51,5.808,1,6000,8.58,27.648
November,Mobil,Q4,Codiovan FCT,Warri,A. Chukwu,Astra Zeneca,Kaduna,36.1152,3,480,4.14,6.897,1,2000,10.12,38.016
November,Mobil,Q4,Femara FCT,Warri,A. Chukwu,Astra Zeneca,Kaduna,7.776,0,300,0.9,1.485,1,4000,2.2,8.64
November,Mobil,Q4,Galvusmet FCT,Warri,A. Chukwu,Astra Zeneca,Kaduna,19.1808,2,120,2.16,3.663,1,2000,5.28,17.28
November,Mobil,Q4,Lescol HGC,Warri,A. Chukwu,Astra Zeneca,Kaduna,18.24768,3,120,2.07,3.4848,1,2000,5.06,20.736
November,Mobil,Q4,Ritalin Tab,Warri,A. Chukwu,Astra Zeneca,Kaduna,19.44,1,240,2.25,3.7125,1,1000,5.5,25.92
November,Mobil,Q4,Tegretol Tab,Warri,A. Chukwu,Astra Zeneca,Kaduna,16.416,2,420,1.89,3.135,1,3000,4.62,17.28
November,Mobil,Q4,Zaditen SRO FCT,Warri,A. Chukwu,Astra Zeneca,Kaduna,23.70816,3,300,2.7,4.5276,1,2000,6.6,24.192
October,National Hospital,Q4,Afinitor Tab,Lagos,P. Michaels,Astra Zeneca,Apapa,16.5888,5,106.5400844,1.05,2.5344,1,3000,4.2,20.736
October,National Hospital,Q4,Brinerdine SCT,Lagos,P. Michaels,Astra Zeneca,Apapa,16.5888,4,94.04594468,1.05,2.5344,1,2000,4.2,13.824
October,National Hospital,Q4,Coartem Tab,Lagos,P. Michaels,Astra Zeneca,Apapa,30.4128,8,81.55180497,1.95,4.6464,1,5000,7.8,27.648
October,National Hospital,Q4,Codiovan FCT,Lagos,P. Michaels,Astra Zeneca,Apapa,36.1152,9,69.05766526,2.3,5.5176,1,3000,9.2,38.016
October,National Hospital,Q4,Femara FCT,Lagos,P. Michaels,Astra Zeneca,Apapa,7.776,2,56.56352555,0.5,1.188,1,4000,2,8.64
October,National Hospital,Q4,Galvusmet FCT,Lagos,P. Michaels,Astra Zeneca,Apapa,19.1808,5,44.06938584,1.2,2.9304,1,1000,4.8,17.28
October,National Hospital,Q4,Lescol HGC,Lagos,P. Michaels,Astra Zeneca,Apapa,18.24768,4,31.57524613,1.15,2.78784,1,1000,4.6,20.736
October,National Hospital,Q4,Ritalin Tab,Lagos,P. Michaels,Astra Zeneca,Apapa,19.44,5,19.08110642,1.25,2.97,1,1000,5,25.92
October,National Hospital,Q4,Tegretol Tab,Lagos,P. Michaels,Astra Zeneca,Apapa,16.416,4,6.586966714,1.05,2.508,1,5000,4.2,17.28
October,National Hospital,Q4,Zaditen SRO FCT,Lagos,P. Michaels,Astra Zeneca,Apapa,23.70816,6,200,1.5,3.62208,1,2000,6,24.192
December,NNPC,Q4,Afinitor Tab,Warri,S. Sunday,Astra Zeneca,Kaduna,16.5888,1,1000,1.68,4.224,1,4000,4.2,20.736
December,NNPC,Q4,Brinerdine SCT,Warri,S. Sunday,Astra Zeneca,Kaduna,16.5888,3,400,1.68,4.224,1,1000,4.2,13.824
December,NNPC,Q4,Coartem Tab,Warri,S. Sunday,Astra Zeneca,Kaduna,30.4128,4,1100,3.12,7.744,1,4000,7.8,27.648
December,NNPC,Q4,Codiovan FCT,Warri,S. Sunday,Astra Zeneca,Kaduna,36.1152,7,800,3.68,9.196,1,5000,9.2,38.016
December,NNPC,Q4,Femara FCT,Warri,S. Sunday,Astra Zeneca,Kaduna,7.776,2,500,0.8,1.98,1,4000,2,8.64
December,NNPC,Q4,Galvusmet FCT,Warri,S. Sunday,Astra Zeneca,Kaduna,19.1808,3,200,1.92,4.884,1,1000,4.8,17.28
December,NNPC,Q4,Lescol HGC,Warri,S. Sunday,Astra Zeneca,Kaduna,18.24768,2,200,1.84,4.6464,1,3000,4.6,20.736
December,NNPC,Q4,Ritalin Tab,Warri,S. Sunday,Astra Zeneca,Kaduna,19.44,2,400,2,4.95,1,4000,5,25.92
December,NNPC,Q4,Tegretol Tab,Warri,S. Sunday,Astra Zeneca,Kaduna,16.416,3,700,1.68,4.18,1,2000,4.2,17.28
December,NNPC,Q4,Zaditen SRO FCT,Warri,S. Sunday,Astra Zeneca,Kaduna,23.70816,3,500,2.4,6.0368,1,2000,6,24.192
October,Shell,Q4,Afinitor Tab,Kaduna,A. Chukwu,Novartis,Amuwo,16.5888,2,1200,2.52,1.6896,1,3000,4.62,20.736
October,Shell,Q4,Brinerdine SCT,Kaduna,A. Chukwu,Novartis,Amuwo,16.5888,1,480,2.52,1.6896,1,2000,4.62,13.824
October,Shell,Q4,Coartem Tab,Kaduna,A. Chukwu,Novartis,Amuwo,30.4128,3,1320,4.68,3.0976,1,5000,8.58,27.648
October,Shell,Q4,Codiovan FCT,Kaduna,A. Chukwu,Novartis,Amuwo,36.1152,3,960,5.52,3.6784,1,3000,10.12,38.016
October,Shell,Q4,Femara FCT,Kaduna,A. Chukwu,Novartis,Amuwo,7.776,1,600,1.2,0.792,1,4000,2.2,8.64
October,Shell,Q4,Galvusmet FCT,Kaduna,A. Chukwu,Novartis,Amuwo,19.1808,2,240,2.88,1.9536,1,1000,5.28,17.28
October,Shell,Q4,Lescol HGC,Kaduna,A. Chukwu,Novartis,Amuwo,18.24768,1,240,2.76,1.85856,1,1000,5.06,20.736
October,Shell,Q4,Ritalin Tab,Kaduna,A. Chukwu,Novartis,Amuwo,19.44,2,480,3,1.98,1,1000,5.5,25.92
October,Shell,Q4,Tegretol Tab,Kaduna,A. Chukwu,Novartis,Amuwo,16.416,1,840,2.52,1.672,1,5000,4.62,17.28
October,Shell,Q4,Zaditen SRO FCT,Kaduna,A. Chukwu,Novartis,Amuwo,23.70816,2,600,3.6,2.41472,1,2000,6.6,24.192
December,Shell,Q4,Afinitor Tab,Kano,A. Chukwu,Novartis,Ikeja,16.5888,2,1400,2.52,3.168,1,4000,4.62,20.736
December,Shell,Q4,Brinerdine SCT,Kano,A. Chukwu,Novartis,Ikeja,16.5888,1,560,2.52,3.168,1,1000,4.62,13.824
December,Shell,Q4,Coartem Tab,Kano,A. Chukwu,Novartis,Ikeja,30.4128,3,1540,4.68,5.808,1,4000,8.58,27.648
December,Shell,Q4,Codiovan FCT,Kano,A. Chukwu,Novartis,Ikeja,36.1152,3,1120,5.52,6.897,1,5000,10.12,38.016
December,Shell,Q4,Femara FCT,Kano,A. Chukwu,Novartis,Ikeja,7.776,1,700,1.2,1.485,1,4000,2.2,8.64
December,Shell,Q4,Galvusmet FCT,Kano,A. Chukwu,Novartis,Ikeja,19.1808,2,280,2.88,3.663,1,1000,5.28,17.28
December,Shell,Q4,Lescol HGC,Kano,A. Chukwu,Novartis,Ikeja,18.24768,1,280,2.76,3.4848,1,3000,5.06,20.736
December,Shell,Q4,Ritalin Tab,Kano,A. Chukwu,Novartis,Ikeja,19.44,2,560,3,3.7125,1,4000,5.5,25.92
December,Shell,Q4,Tegretol Tab,Kano,A. Chukwu,Novartis,Ikeja,16.416,1,980,2.52,3.135,1,2000,4.62,17.28
December,Shell,Q4,Zaditen SRO FCT,Kano,A. Chukwu,Novartis,Ikeja,23.70816,2,700,3.6,4.5276,1,2000,6.6,24.192
November,Total,Q4,Afinitor Tab,Kano,M. Sule,Novartis,Ikeja,16.5888,2,1200,6.3,3.8016,1,5000,3.15,20.736
November,Total,Q4,Brinerdine SCT,Kano,M. Sule,Novartis,Ikeja,16.5888,0,480,6.3,3.8016,1,2000,3.15,13.824
November,Total,Q4,Coartem Tab,Kano,M. Sule,Novartis,Ikeja,30.4128,3,1320,11.7,6.9696,1,6000,5.85,27.648
November,Total,Q4,Codiovan FCT,Kano,M. Sule,Novartis,Ikeja,36.1152,3,960,13.8,8.2764,1,2000,6.9,38.016
November,Total,Q4,Femara FCT,Kano,M. Sule,Novartis,Ikeja,7.776,0,600,3,1.782,1,4000,1.5,8.64
November,Total,Q4,Galvusmet FCT,Kano,M. Sule,Novartis,Ikeja,19.1808,2,240,7.2,4.3956,1,2000,3.6,17.28
November,Total,Q4,Lescol HGC,Kano,M. Sule,Novartis,Ikeja,18.24768,1,240,6.9,4.18176,1,2000,3.45,20.736
November,Total,Q4,Ritalin Tab,Kano,M. Sule,Novartis,Ikeja,19.44,2,480,7.5,4.455,1,1000,3.75,25.92
November,Total,Q4,Tegretol Tab,Kano,M. Sule,Novartis,Ikeja,16.416,1,840,6.3,3.762,1,3000,3.15,17.28
November,Total,Q4,Zaditen SRO FCT,Kano,M. Sule,Novartis,Ikeja,23.70816,3,600,9,5.43312,1,2000,4.5,24.192
October,LUTH,Q4,Afinitor Tab,Ibadan,M. Sule,Pfizer,Kaduna,16.5888,6,1200,1.26,3.8016,1,3000,3.15,20.736
October,LUTH,Q4,Brinerdine SCT,Ibadan,M. Sule,Pfizer,Kaduna,16.5888,5,480,1.26,3.8016,1,2000,3.15,13.824
October,LUTH,Q4,Coartem Tab,Ibadan,M. Sule,Pfizer,Kaduna,30.4128,8,1320,2.34,6.9696,1,5000,5.85,27.648
October,LUTH,Q4,Codiovan FCT,Ibadan,M. Sule,Pfizer,Kaduna,36.1152,10,960,2.76,8.2764,1,3000,6.9,38.016
October,LUTH,Q4,Femara FCT,Ibadan,M. Sule,Pfizer,Kaduna,7.776,3,600,0.6,1.782,1,4000,1.5,8.64
October,LUTH,Q4,Galvusmet FCT,Warri,M. Sule,Pfizer,Kaduna,19.1808,5,240,1.44,4.3956,1,1000,3.6,17.28
October,LUTH,Q4,Lescol HGC,Warri,M. Sule,Pfizer,Kaduna,18.24768,4,240,1.38,4.18176,1,1000,3.45,20.736
October,LUTH,Q4,Ritalin Tab,Warri,M. Sule,Pfizer,Kaduna,19.44,5,480,1.5,4.455,1,1000,3.75,25.92
October,LUTH,Q4,Tegretol Tab,Warri,M. Sule,Pfizer,Kaduna,16.416,3,840,1.26,3.762,1,5000,3.15,17.28
October,LUTH,Q4,Zaditen SRO FCT,Warri,M. Sule,Pfizer,Kaduna,23.70816,5,600,1.8,5.43312,1,2000,4.5,24.192
December,LUTH,Q4,Afinitor Tab,Abeokuta,M. Sule,Pfizer,Kano,16.5888,6,1400,1.26,1.6896,1,4000,3.15,20.736
December,LUTH,Q4,Brinerdine SCT,Abeokuta,M. Sule,Pfizer,Kano,16.5888,5,560,1.26,1.6896,1,1000,3.15,13.824
December,LUTH,Q4,Coartem Tab,Abeokuta,M. Sule,Pfizer,Kano,30.4128,8,1540,2.34,3.0976,1,4000,5.85,27.648
December,LUTH,Q4,Codiovan FCT,Abeokuta,M. Sule,Pfizer,Kano,36.1152,10,1120,2.76,3.6784,1,5000,6.9,38.016
December,LUTH,Q4,Femara FCT,Abeokuta,M. Sule,Pfizer,Kano,7.776,3,700,0.6,0.792,1,4000,1.5,8.64
December,LUTH,Q4,Galvusmet FCT,Abeokuta,M. Sule,Pfizer,Kano,19.1808,5,280,1.44,1.9536,1,1000,3.6,17.28
December,LUTH,Q4,Lescol HGC,Abeokuta,M. Sule,Pfizer,Kano,18.24768,4,280,1.38,1.85856,1,3000,3.45,20.736
December,LUTH,Q4,Ritalin Tab,Abeokuta,M. Sule,Pfizer,Kano,19.44,5,560,1.5,1.98,1,4000,3.75,25.92
December,LUTH,Q4,Tegretol Tab,Abeokuta,M. Sule,Pfizer,Kano,16.416,3,980,1.26,1.672,1,2000,3.15,17.28
December,LUTH,Q4,Zaditen SRO FCT,Abeokuta,M. Sule,Pfizer,Kano,23.70816,5,700,1.8,2.41472,1,2000,4.5,24.192
November,Unilever,Q4,Ritalin Tab,Abeokuta,P. Michaels,Pfizer,Kano,19.44,1,480,1,4.2075,1,1000,5,25.92
November,Unilever,Q4,Tegretol Tab,Abeokuta,P. Michaels,Pfizer,Kano,16.416,0,840,0.84,3.553,1,3000,4.2,17.28
November,Unilever,Q4,Zaditen SRO FCT,Abeokuta,P. Michaels,Pfizer,Kano,23.70816,3,600,1.2,5.13128,1,2000,6,24.192
November,Unilever,Q4,Afinitor Tab,Ilorin,P. Michaels,Pfizer,Kano,16.5888,1,1200,0.84,3.5904,1,5000,4.2,20.736
November,Unilever,Q4,Brinerdine SCT,Ilorin,P. Michaels,Pfizer,Kano,16.5888,2,480,0.84,3.5904,1,2000,4.2,13.824
November,Unilever,Q4,Coartem Tab,Ilorin,P. Michaels,Pfizer,Kano,30.4128,2,1320,1.56,6.5824,1,6000,7.8,27.648
November,Unilever,Q4,Codiovan FCT,Ilorin,P. Michaels,Pfizer,Kano,36.1152,2,960,1.84,7.8166,1,2000,9.2,38.016
November,Unilever,Q4,Femara FCT,Ilorin,P. Michaels,Pfizer,Kano,7.776,1,600,0.4,1.683,1,4000,2,8.64
November,Unilever,Q4,Galvusmet FCT,Ilorin,P. Michaels,Pfizer,Kano,19.1808,1,240,0.96,4.1514,1,2000,4.8,17.28
November,Unilever,Q4,Lescol HGC,Ilorin,P. Michaels,Pfizer,Kano,18.24768,2,240,0.92,3.94944,1,2000,4.6,20.736
December,Nestle,Q4,Afinitor Tab,Kaduna,A. Oni,Sanofi,Amuwo,16.5888,0,1000,2.94,2.5344,1,4000,4.83,20.736
December,Nestle,Q4,Brinerdine SCT,Kaduna,A. Oni,Sanofi,Amuwo,16.5888,3,400,2.94,2.5344,1,1000,4.83,13.824
December,Nestle,Q4,Coartem Tab,Kaduna,A. Oni,Sanofi,Amuwo,30.4128,2,1100,5.46,4.6464,1,4000,8.97,27.648
December,Nestle,Q4,Codiovan FCT,Kaduna,A. Oni,Sanofi,Amuwo,36.1152,2,800,6.44,5.5176,1,5000,10.58,38.016
December,Nestle,Q4,Femara FCT,Kaduna,A. Oni,Sanofi,Amuwo,7.776,0,500,1.4,1.188,1,4000,2.3,8.64
December,Nestle,Q4,Galvusmet FCT,Kaduna,A. Oni,Sanofi,Amuwo,19.1808,0,200,3.36,2.9304,1,1000,5.52,17.28
December,Nestle,Q4,Lescol HGC,Kaduna,A. Oni,Sanofi,Amuwo,18.24768,2,200,3.22,2.78784,1,3000,5.29,20.736
December,Nestle,Q4,Ritalin Tab,Kaduna,A. Oni,Sanofi,Amuwo,19.44,3,400,3.5,2.97,1,4000,5.75,25.92
December,Nestle,Q4,Tegretol Tab,Kaduna,A. Oni,Sanofi,Amuwo,16.416,3,700,2.94,2.508,1,2000,4.83,17.28
December,Nestle,Q4,Zaditen SRO FCT,Kaduna,A. Oni,Sanofi,Amuwo,23.70816,2,500,4.2,3.62208,1,2000,6.9,24.192
October,Nestle,Q4,Afinitor Tab,Ilorin,A. Oni,Sanofi,Kano,16.5888,0,500,2.94,4.224,1,3000,4.83,20.736
October,Nestle,Q4,Brinerdine SCT,Ilorin,A. Oni,Sanofi,Kano,16.5888,3,200,2.94,4.224,1,2000,4.83,13.824
October,Nestle,Q4,Coartem Tab,Ilorin,A. Oni,Sanofi,Kano,30.4128,2,550,5.46,7.744,1,5000,8.97,27.648
October,Nestle,Q4,Codiovan FCT,Ilorin,A. Oni,Sanofi,Kano,36.1152,2,400,6.44,9.196,1,3000,10.58,38.016
October,Nestle,Q4,Femara FCT,Ilorin,A. Oni,Sanofi,Kano,7.776,0,250,1.4,1.98,1,4000,2.3,8.64
October,Nestle,Q4,Galvusmet FCT,Ilorin,A. Oni,Sanofi,Kano,19.1808,0,100,3.36,4.884,1,1000,5.52,17.28
October,Nestle,Q4,Lescol HGC,Ilorin,A. Oni,Sanofi,Kano,18.24768,2,100,3.22,4.6464,1,1000,5.29,20.736
October,Nestle,Q4,Ritalin Tab,Ilorin,A. Oni,Sanofi,Kano,19.44,3,200,3.5,4.95,1,1000,5.75,25.92
October,Nestle,Q4,Tegretol Tab,Ilorin,A. Oni,Sanofi,Kano,16.416,3,350,2.94,4.18,1,5000,4.83,17.28
October,Nestle,Q4,Zaditen SRO FCT,Ilorin,A. Oni,Sanofi,Kano,23.70816,2,250,4.2,6.0368,1,2000,6.9,24.192
November,Cadbury,Q4,Afinitor Tab,Kaduna,S. Sunday,Sanofi,Amuwo,16.5888,1,600,1.68,2.112,1,5000,4.2,20.736
November,Cadbury,Q4,Brinerdine SCT,Kaduna,S. Sunday,Sanofi,Amuwo,16.5888,0,240,1.68,2.112,1,2000,4.2,13.824
November,Cadbury,Q4,Coartem Tab,Kaduna,S. Sunday,Sanofi,Amuwo,30.4128,2,660,3.12,3.872,1,6000,7.8,27.648
November,Cadbury,Q4,Codiovan FCT,Kaduna,S. Sunday,Sanofi,Amuwo,36.1152,3,480,3.68,4.598,1,2000,9.2,38.016
November,Cadbury,Q4,Femara FCT,Kaduna,S. Sunday,Sanofi,Amuwo,7.776,1,300,0.8,0.99,1,4000,2,8.64
November,Cadbury,Q4,Galvusmet FCT,Kaduna,S. Sunday,Sanofi,Amuwo,19.1808,1,120,1.92,2.442,1,2000,4.8,17.28
November,Cadbury,Q4,Lescol HGC,Kaduna,S. Sunday,Sanofi,Amuwo,18.24768,2,120,1.84,2.3232,1,2000,4.6,20.736
November,Cadbury,Q4,Ritalin Tab,Kaduna,S. Sunday,Sanofi,Amuwo,19.44,3,240,2,2.475,1,1000,5,25.92
November,Cadbury,Q4,Tegretol Tab,Kaduna,S. Sunday,Sanofi,Amuwo,16.416,0,420,1.68,2.09,1,3000,4.2,17.28
November,Cadbury,Q4,Zaditen SRO FCT,Kaduna,S. Sunday,Sanofi,Amuwo,23.70816,1,300,2.4,3.0184,1,2000,6,24.192
